"id","label"
1,"google"
2,"canvas"
3,"essay"
4,"pearson"
5,"aleks"
6,"online"
7,"blackboard"
8,"research"
9,"due"
10,"pay"
11,"paper"
12,"exam"
13,"class"
14,"homework"
15,"acrylic"
16,"art"
17,"essayhelp"
18,"discussion"
19,"check"
20,"fsu"
21,"wsu"
22,"cengage"
23,"ksu"
24,"iot"
25,"matlab"
26,"fiu"
27,"ucf"
28,"ncat"
29,"nyu"
30,"liu"
31,"uncp"
32,"tamu"
33,"asutwitter"
34,"wall"
35,"accents"
36,"accessories"
37,"acrylicblocks"
38,"artfalaxy"
39,"blankets"
40,"mugs"
41,"pillows"
42,"shower"
43,"socks"
44,"inspiration"
45,"fashion"
46,"homedecor"
47,"inspired"
48,"redbubble"
49,"scarves"
50,"tshirts"
51,"falaxy"
52,"learning"
53,"history"
54,"thursday"
55,"courses"
56,"edgenuity"
57,"usa"
58,"accounting"
59,"powerpoint"
60,"statistics"
61,"text"
62,"commission"
63,"coursework"
64,"dissertation"
65,"gsu"
66,"twu"
67,"umd"
68,"umuc"
69,"ung"
70,"bags"
71,"painting"
72,"artist"
73,"term"
74,"math"
75,"wood"
76,"essaywriting"
77,"onlineclass"
78,"artwork"
79,"bgsu"
80,"csu"
81,"nodejs"
82,"uci"
83,"classroom"
84,"add"
85,"googleedu"
86,"algebra"
87,"assignments"
88,"visualcommunicationplanner"
89,"expert"
90,"assignment"
91,"essaypay"
92,"print"
93,"post"
94,"python"
95,"write"
96,"day"
97,"philosophy"
98,"classes"
99,"february"
100,"canada"
101,"call"
102,"thesis"
103,"nursing"
104,"maths"
105,"pins"
106,"onlineclasshelp"
107,"arte"
108,"code"
109,"teachers"
110,"ons"
111,"googleclassroom"
112,"literature"
